user_id,full_name,email,lastVisit,timeSpent,pagesViewed,interactionScore
1,Hardik Runwal,hardikrunwal123@gmail.com,3/28/2024,63.35,3,0.09
2,Meghann Meaden,mmeaden1@nymag.com,8/27/2024,73.04,1,0.8
3,Shanda Hoyt,shoyt2@feedburner.com,05-03-2024,74.53,6,0.33
4,Gottfried Arch,garch3@economist.com,7/15/2024,118.6,3,0.44
5,Jeannine Ruslen,jruslen4@nationalgeographic.com,10/22/2024,20.24,2,0.37
6,Ruprecht Ick,rick5@nifty.com,02-06-2025,26.92,5,0.64
7,Gian Moorman,gmoorman6@google.co.uk,02-12-2025,115.88,4,0.36
8,Simone McCamish,smccamish7@example.com,8/31/2024,41.21,3,0.14
9,Perry Younge,pyounge8@va.gov,3/23/2024,3.65,6,0.38
10,Curr Henri,chenri9@constantcontact.com,08-09-2024,72.75,2,0.28
11,Jeralee Demeter,jdemetera@eepurl.com,11/20/2024,77.52,6,0.79
12,Norris Nowland,nnowlandb@cornell.edu,8/18/2024,71.72,4,0.02
13,Annemarie Lochrie,alochriec@accuweather.com,4/17/2024,78.1,3,0.94
14,Reena Aronsohn,raronsohnd@answers.com,08-08-2024,42.89,3,0.78
15,Casi Hradsky,chradskye@about.com,08-11-2024,96.1,2,0.77
16,Paco Suarez,psuarezf@blogs.com,11/13/2024,55.35,1,0.32
17,Baillie Tween,btweeng@jiathis.com,12-05-2024,55,6,0.33
18,Roch Marcinkus,rmarcinkush@jimdo.com,5/15/2024,4.78,6,0.14
19,Caitlin McMurty,cmcmurtyi@berkeley.edu,12/29/2024,80.81,1,0.69
20,Mort Mamwell,mmamwellj@rambler.ru,05-09-2024,99.06,5,0.21
21,Drud Eddie,deddiek@usatoday.com,4/20/2024,36.81,1,0.03
22,Saunderson Kuscha,skuschal@cbslocal.com,05-11-2024,70.46,3,0.66
23,Aurelea Sutlieff,asutlieffm@gmpg.org,11/24/2024,91.22,6,0.45
24,Rosalynd Durrance,rdurrancen@omniture.com,2/23/2025,19.02,5,0.15
25,Barnie Menhenitt,bmenhenitto@chicagotribune.com,06-01-2024,31.02,4,0.28
26,Terrijo Jimeno,tjimenop@w3.org,5/13/2024,59.52,4,0.95
27,Selinda Draisey,sdraiseyq@webs.com,11/20/2024,42.93,5,0.25
28,Mignonne Espino,mespinor@flickr.com,9/21/2024,92.65,4,0.06
29,Abdel Doveston,adovestons@comcast.net,2/21/2025,28.92,6,0.84
30,Maurice Cowlam,mcowlamt@istockphoto.com,08-09-2024,1.97,4,0.09
31,Benedikt Cray,bcrayu@mit.edu,7/21/2024,67.66,3,0.59
32,Ellyn Feldmesser,efeldmesserv@newyorker.com,07-09-2024,14.05,2,0.45
33,Werner Haw,whaww@businessinsider.com,11-10-2024,11.6,1,0.53
34,Marchelle Eite,meitex@theglobeandmail.com,8/14/2024,6.39,4,0.42
35,Arte Howman,ahowmany@mediafire.com,04-06-2024,22.53,1,0.69
36,Daron Sarvar,dsarvarz@networkadvertising.org,7/13/2024,91.4,2,0.58
37,Gaby Gimbart,ggimbart10@forbes.com,8/30/2024,22.99,4,0.27
38,Gisella Baignard,gbaignard11@blogspot.com,2/28/2025,18.67,5,0.17
39,Neill Denney,ndenney12@google.ru,12/15/2024,70.56,6,0.7
40,Ephraim Panswick,epanswick13@examiner.com,03-06-2025,99.54,2,0.67
41,Berni Mattea,bmattea14@techcrunch.com,1/24/2025,56.5,2,0.99
42,Reinaldos Abrahamsson,rabrahamsson15@apache.org,4/29/2024,45.19,1,0.37
43,Garey Garnsey,ggarnsey16@plala.or.jp,12/14/2024,38.63,2,0.95
44,Liv Luttger,lluttger17@java.com,4/25/2024,64.37,3,0.59
45,Nelli Mereweather,nmereweather18@photobucket.com,4/22/2024,94.27,1,0.64
46,Alaine Asmus,aasmus19@booking.com,11/18/2024,47.19,1,0.75
47,Abagael Taplin,ataplin1a@netscape.com,10-04-2024,110.73,1,0.12
48,Giacobo Gorthy,ggorthy1b@edublogs.org,10/19/2024,91.84,1,0.35
49,Adelina Borges,aborges1c@lycos.com,12-11-2024,72.23,3,0.38
50,Eldredge Pluthero,epluthero1d@ustream.tv,02-10-2025,48.89,6,0.02
51,Edwin Arendsen,earendsen1e@aboutads.info,6/29/2024,14.6,3,0.9
52,Gerhardine Purdy,gpurdy1f@clickbank.net,4/20/2024,79.18,1,0.76
53,Kendell Blesdill,kblesdill1g@oakley.com,10/13/2024,22.75,1,0.69
54,Lena Tomaszewicz,ltomaszewicz1h@sphinn.com,08-06-2024,52.19,3,0
55,Bride Widdall,bwiddall1i@guardian.co.uk,09-08-2024,67.68,6,0.7
56,Teodora De Michele,tde1j@microsoft.com,3/22/2025,15.41,1,0.2
57,Sheeree Bulstrode,sbulstrode1k@uol.com.br,08-03-2024,22.75,4,0.09
58,Fionnula Morant,fmorant1l@cornell.edu,07-03-2024,97.82,4,0.91
59,Haskell Cardis,hcardis1m@buzzfeed.com,12/13/2024,25.15,2,0.36
60,Zach Dufty,zdufty1n@dyndns.org,08-07-2024,15.31,4,0.52
61,Alethea Bartles,abartles1o@multiply.com,10/28/2024,99.65,1,0.79
62,Meggy Trouncer,mtrouncer1p@taobao.com,12/19/2024,10.85,4,0.66
63,Kerry Cornillot,kcornillot1q@163.com,12-05-2024,75.53,6,0.9
64,Karisa Roycroft,kroycroft1r@admin.ch,12-10-2024,23.24,6,0.5
65,Rand Switzer,rswitzer1s@yellowbook.com,9/17/2024,112.87,4,0.59
66,Bron Moncrefe,bmoncrefe1t@domainmarket.com,10/19/2024,26.2,1,0.33
67,Inglis Davenall,idavenall1u@xinhuanet.com,12/26/2024,66.64,4,0.83
68,Darren Fisbburne,dfisbburne1v@gov.uk,03-12-2025,77.87,2,0.87
69,Lulu Derle,lderle1w@fastcompany.com,5/31/2024,85.32,3,0.4
70,Regan Tant,rtant1x@bbb.org,2/13/2025,91.33,1,0.35
71,Glen Meedendorpe,gmeedendorpe1y@baidu.com,6/26/2024,1.69,2,0.94
72,Em Wingrove,ewingrove1z@loc.gov,11-07-2024,6.09,2,0.82
73,Newton Le Cornu,nle20@intel.com,3/31/2024,31.03,2,0.15
74,Lyndell Butterick,lbutterick21@blog.com,1/26/2025,37.7,3,0.28
75,Vincenz Pawle,vpawle22@wiley.com,3/18/2025,62.24,6,0.86
76,Susanetta Iddenden,siddenden23@reverbnation.com,7/20/2024,25.58,2,0.49
77,Prisca Southouse,psouthouse24@examiner.com,07-07-2024,100.44,1,0.7
78,Carny Duro,cduro25@tripod.com,4/18/2024,99.68,2,0.74
79,Alasteir Giacomoni,agiacomoni26@dropbox.com,08-03-2024,24.28,6,0.7
80,Sherri Greasty,sgreasty27@istockphoto.com,10-05-2024,25.79,6,0.7
81,Arvin Stegell,astegell28@hugedomains.com,03-11-2025,47.77,1,0.65
82,Noe Carnelley,ncarnelley29@cocolog-nifty.com,9/20/2024,107.76,2,0.25
83,Dottie Matschek,dmatschek2a@freewebs.com,3/19/2025,105.07,6,0.34
84,Melody McWaters,mmcwaters2b@w3.org,6/18/2024,54.38,3,0.79
85,Emmett Disley,edisley2c@usnews.com,1/21/2025,103.98,3,0.58
86,Arman Oxe,aoxe2d@xrea.com,9/29/2024,58.63,5,0.12
87,Sigfrid Dwyr,sdwyr2e@slideshare.net,4/16/2024,118.99,3,0.25
88,Brod Wheeliker,bwheeliker2f@topsy.com,03-07-2025,82.17,4,0.9
89,Peadar Thunnercliff,pthunnercliff2g@ning.com,9/21/2024,74.83,5,0.21
90,Valenka Dodson,vdodson2h@hibu.com,6/20/2024,77.3,2,0.41
91,Meridith Winfred,mwinfred2i@bbb.org,11/24/2024,64.38,6,0.72
92,Windham Bodleigh,wbodleigh2j@comsenz.com,7/14/2024,61.88,1,0.93
93,Cindie Bryning,cbryning2k@altervista.org,12/18/2024,34.17,4,0.03
94,Sarine Regler,sregler2l@sfgate.com,9/23/2024,111.68,4,0.37
95,Dorree MacGillacolm,dmacgillacolm2m@wunderground.com,11/29/2024,54.73,2,0.32
96,Amy Northover,anorthover2n@cbc.ca,1/30/2025,73.39,4,0.62
97,Biddie Eefting,beefting2o@craigslist.org,3/20/2025,46.5,3,0.31
98,Kathy Willis,kwillis2p@google.it,12-07-2024,85.28,2,0.19
99,Janka Janiak,jjaniak2q@google.com.au,7/30/2024,53.77,3,0.76
100,Nollie Maureen,nmaureen2r@springer.com,03-09-2025,69.93,4,0.01
101,Elenore Le Noire,ele2s@ox.ac.uk,3/15/2025,46.37,1,0.53
102,Evvy Fulker,efulker2t@unc.edu,10-02-2024,34.41,5,0.91
103,Helenka Garmey,hgarmey2u@elpais.com,5/23/2024,106.44,4,0.73
104,Alvy Alloway,aalloway2v@sourceforge.net,03-01-2025,92.45,5,0.49
105,Hartwell Lyptrit,hlyptrit2w@google.es,1/21/2025,91.93,1,0.76
106,Ilsa Stannas,istannas2x@sourceforge.net,10/13/2024,31.78,3,0.56
107,Fae Dufour,fdufour2y@nifty.com,06-01-2024,45.81,3,0.08
108,Stefano Croyden,scroyden2z@blogger.com,8/29/2024,68.03,6,0.57
109,Patricia Ricardin,pricardin30@webs.com,04-05-2024,45.79,6,1
110,Cooper Scandwright,cscandwright31@google.it,6/24/2024,5.73,4,0.85
111,Desiree Judkin,djudkin32@t-online.de,3/17/2025,13.63,6,0.45
112,Gibby Blick,gblick33@google.cn,1/29/2025,46.23,6,0.16
113,Joline Bedson,jbedson34@cornell.edu,3/28/2024,78.4,6,0.05
114,Robby Cream,rcream35@businesswire.com,10/28/2024,28.46,1,0.33
115,Alicia Brader,abrader36@paginegialle.it,2/25/2025,51.32,6,0.1
116,Merlina Loveland,mloveland37@creativecommons.org,12/15/2024,54.27,3,0.77
117,Mile McBlain,mmcblain38@toplist.cz,06-12-2024,10.11,4,0.42
118,Christel Sleford,csleford39@virginia.edu,6/18/2024,19.25,4,0.17
119,Franciskus Hindes,fhindes3a@webnode.com,09-10-2024,40.68,5,0.55
120,Helyn Gorey,hgorey3b@a8.net,4/24/2024,92.79,6,0.57
121,Sammy Larkworthy,slarkworthy3c@toplist.cz,2/26/2025,50.41,3,0.73
122,Luis Setterthwait,lsetterthwait3d@harvard.edu,10-04-2024,111.24,6,0.89
123,Kira Slaughter,kslaughter3e@boston.com,10-10-2024,105.18,4,0.06
124,Sheeree Pleager,spleager3f@e-recht24.de,12/23/2024,2.85,5,0.96
125,Darcee Coey,dcoey3g@imgur.com,03-01-2025,34.95,3,0.41
126,Corenda Le Conte,cle3h@toplist.cz,02-07-2025,26.52,5,0.77
127,Cal Smurfit,csmurfit3i@netlog.com,09-03-2024,111.92,2,0.11
128,Hastie Dando,hdando3j@slate.com,01-06-2025,20.93,1,0.64
129,Nevile Cromer,ncromer3k@auda.org.au,2/17/2025,111.53,2,0.29
130,Ellette Staig,estaig3l@mozilla.com,7/17/2024,74.34,4,0.75
131,Jarrod Meritt,jmeritt3m@oaic.gov.au,4/24/2024,109.81,2,0.7
132,Pooh Figiovanni,pfigiovanni3n@shutterfly.com,1/17/2025,1.69,1,0.11
133,Nissy Krolman,nkrolman3o@infoseek.co.jp,4/15/2024,7.54,5,0.24
134,Luciano Bortoloni,lbortoloni3p@va.gov,4/29/2024,56.48,4,0.66
135,Anett Layne,alayne3q@vk.com,03-01-2025,91.9,1,0.9
136,Cecily Guislin,cguislin3r@nydailynews.com,11/21/2024,1.9,2,0.82
137,Rowen Thunderman,rthunderman3s@berkeley.edu,10-10-2024,70.8,6,0.27
138,Lowrance Brammer,lbrammer3t@google.com,8/21/2024,64.82,2,0.6
139,Cherey Newbatt,cnewbatt3u@usatoday.com,5/13/2024,103.13,1,0.25
140,Zackariah Stickney,zstickney3v@mayoclinic.com,9/20/2024,32.36,3,0.23
141,Natividad Franzke,nfranzke3w@narod.ru,11/16/2024,3.32,6,0.6
142,Jessica Chritchlow,jchritchlow3x@wunderground.com,4/20/2024,28.28,6,0.2
143,Randall Fuente,rfuente3y@who.int,6/21/2024,28.2,2,0.75
144,Larisa Svanetti,lsvanetti3z@fc2.com,10/31/2024,117.86,3,0.45
145,Filbert Riddick,friddick40@so-net.ne.jp,05-07-2024,54.33,2,0.31
146,Truman Barkaway,tbarkaway41@phoca.cz,2/21/2025,4.25,1,0.47
147,Huntlee Worg,hworg42@privacy.gov.au,12/28/2024,40.72,1,0.92
148,Christel Duthie,cduthie43@harvard.edu,9/23/2024,91.67,1,0.49
149,Aksel Couldwell,acouldwell44@timesonline.co.uk,03-04-2025,2.34,1,0.95
150,Murdock Mitchel,mmitchel45@sun.com,8/15/2024,96.5,2,0.15
151,Natty Fassbindler,nfassbindler46@go.com,12-11-2024,18.18,2,0.72
152,Ingra Yendle,iyendle47@princeton.edu,11-08-2024,74.93,4,0.79
153,Patric Raffeorty,praffeorty48@ovh.net,01-11-2025,86.8,3,0.43
154,Aguie Pieter,apieter49@oakley.com,3/17/2025,99.36,4,0.93
155,Saleem Josland,sjosland4a@netlog.com,4/17/2024,92.11,6,0.43
156,Kristofor Pallent,kpallent4b@cbc.ca,5/18/2024,93.22,6,0.23
157,Harlen Diviney,hdiviney4c@amazon.com,1/23/2025,98.94,3,0.81
158,Pammy Elcoate,pelcoate4d@usnews.com,01-11-2025,13.23,3,0.87
159,Hermy Hurford,hhurford4e@netlog.com,11-11-2024,62.22,2,0.46
160,Hort Hinkes,hhinkes4f@tripadvisor.com,3/24/2024,29.52,4,0.16
161,Jamal Blaasch,jblaasch4g@mlb.com,9/18/2024,29.24,5,0.57
162,Hatti Frangello,hfrangello4h@loc.gov,10-08-2024,32.52,3,0.04
163,Maison Lyon,mlyon4i@com.com,10/20/2024,113.4,1,0.57
164,Adele Avent,aavent4j@oakley.com,05-09-2024,55.96,5,0.94
165,Gaylor Clench,gclench4k@ca.gov,08-06-2024,112.27,6,0.32
166,Joeann Rosenboim,jrosenboim4l@oaic.gov.au,02-01-2025,107.09,6,0.75
167,Alexia Halpeine,ahalpeine4m@tripadvisor.com,12/31/2024,12.76,4,0.36
168,Lindsey Selbach,lselbach4n@berkeley.edu,11/20/2024,58.57,5,0.98
169,Babs O'Cleary,bocleary4o@mozilla.org,10/27/2024,39.26,4,0.42
170,Ally Sloegrave,asloegrave4p@altervista.org,7/19/2024,29.13,2,0.32
171,Derick Hawker,dhawker4q@dell.com,5/27/2024,38.81,1,0.8
172,Mitchell Oppy,moppy4r@imgur.com,4/26/2024,46.46,5,0.58
173,Ephrayim Shambrooke,eshambrooke4s@people.com.cn,9/18/2024,25.21,6,0.11
174,Dani Caron,dcaron4t@arizona.edu,02-05-2025,100.61,2,0.81
175,Carry Kivelle,ckivelle4u@princeton.edu,10/30/2024,39.09,4,0.19
176,Marcelline Paschke,mpaschke4v@utexas.edu,02-05-2025,57.31,6,0.65
177,Valencia Housley,vhousley4w@istockphoto.com,2/16/2025,95.73,5,0.74
178,Gui Lewer,glewer4x@slideshare.net,08-12-2024,31.3,5,0.18
179,Enrique Aristide,earistide4y@utexas.edu,12-02-2024,113.92,5,0.37
180,Gilda Cattemull,gcattemull4z@nymag.com,05-08-2024,4.27,1,0
181,Lorin Martello,lmartello50@acquirethisname.com,5/20/2024,59.84,3,0.8
182,Adoree Hinchon,ahinchon51@who.int,7/24/2024,74.25,1,0.97
183,Damaris McCarrick,dmccarrick52@yahoo.co.jp,11-10-2024,103.36,6,0.36
184,Patty Culham,pculham53@imdb.com,1/27/2025,12.63,4,0.48
185,Huntley Broadey,hbroadey54@shareasale.com,10-06-2024,103.61,6,0.15
186,Laurette Rushforth,lrushforth55@squarespace.com,6/26/2024,28.84,3,0.11
187,Eduino Howroyd,ehowroyd56@nhs.uk,11/23/2024,69.62,2,0.96
188,Gill Skingley,gskingley57@flickr.com,02-01-2025,94.69,2,0.69
189,Jules Ripper,jripper58@behance.net,03-06-2025,12.25,4,0.07
190,Belicia Wight,bwight59@hostgator.com,8/16/2024,77.62,4,1
191,Yorke Gasnoll,ygasnoll5a@google.cn,8/28/2024,41.97,5,0.16
192,Stewart Stanyforth,sstanyforth5b@buzzfeed.com,3/16/2025,77.42,2,0.29
193,Matelda Selkirk,mselkirk5c@unicef.org,08-05-2024,114.84,6,0.63
194,Elianore Conry,econry5d@de.vu,12-02-2024,3.45,2,0.29
195,Fabiano Tuft,ftuft5e@dion.ne.jp,02-10-2025,37.59,6,0
196,Flss Treske,ftreske5f@cdc.gov,1/22/2025,64.78,1,0.4
197,Margarethe Feak,mfeak5g@scientificamerican.com,12/20/2024,40.04,4,0.82
198,Clarance Bunning,cbunning5h@multiply.com,4/28/2024,59.55,4,0.88
199,Tatiania Gaunt,tgaunt5i@utexas.edu,12/14/2024,23.41,5,0.72
200,Alfredo Hockey,ahockey5j@examiner.com,03-10-2025,65.53,6,0.75
201,Ambrosius Byng,abyng5k@vistaprint.com,06-10-2024,35.61,4,0.84
202,Jo-anne Prosch,jprosch5l@spiegel.de,09-07-2024,115.33,6,0.61
203,Gregor Roscamp,groscamp5m@sogou.com,8/18/2024,52.73,3,0.87
204,Wildon Mullard,wmullard5n@spiegel.de,07-10-2024,6.18,6,0.98
205,Brucie Heugle,bheugle5o@slideshare.net,11/26/2024,3.36,5,0.26
206,Matthiew Kinnock,mkinnock5p@dailymail.co.uk,06-05-2024,68.37,2,0.88
207,Delinda Ryley,dryley5q@unc.edu,09-11-2024,66.32,6,0.16
208,Finley Conklin,fconklin5r@geocities.com,3/29/2024,86.11,5,0.7
209,Cathrin Hutable,chutable5s@mayoclinic.com,4/16/2024,93.46,6,0.08
210,Margaux Fraschetti,mfraschetti5t@angelfire.com,09-05-2024,116.96,5,0.51
211,Wes Buesden,wbuesden5u@miitbeian.gov.cn,01-12-2025,26.16,2,0.55
212,Markus Hove,mhove5v@springer.com,04-12-2024,104.05,6,0.27
213,Berne Thunders,bthunders5w@pen.io,06-06-2024,91.52,2,0.65
214,Amandi Christene,achristene5x@dyndns.org,12-07-2024,73.56,5,0.12
215,Beatrisa Stilwell,bstilwell5y@surveymonkey.com,10/29/2024,4.36,3,0.19
216,Giana Stroobant,gstroobant5z@nyu.edu,12/18/2024,50.27,2,0.5
217,Armin Deare,adeare60@51.la,07-06-2024,111.34,2,0.61
218,Bendick Custy,bcusty61@phpbb.com,12-02-2024,17.42,2,0.6
219,Vernice Higgonet,vhiggonet62@cpanel.net,01-06-2025,11.01,4,0.93
220,Esma Rattenberie,erattenberie63@yelp.com,2/27/2025,18.81,6,0.53
221,Emyle Abrahart,eabrahart64@zdnet.com,12/26/2024,114.41,2,0.35
222,Rad Pikhno,rpikhno65@disqus.com,12/30/2024,88.31,2,0.28
223,Merwyn Peplay,mpeplay66@over-blog.com,8/14/2024,114.6,3,0.91
224,Uriah Tomczak,utomczak67@newyorker.com,10/23/2024,97.98,1,0.22
225,Tris Larrad,tlarrad68@howstuffworks.com,5/17/2024,55.19,6,0.72
226,Vonny Corradi,vcorradi69@people.com.cn,5/30/2024,76.16,2,0.03
227,Thorpe Proudman,tproudman6a@is.gd,10/27/2024,49.24,2,0.36
228,Yardley enzley,yenzley6b@diigo.com,3/19/2025,74.37,1,0.92
229,Rosita Perton,rperton6c@miibeian.gov.cn,3/31/2024,49.03,1,0.18
230,Rosanne Dally,rdally6d@people.com.cn,4/26/2024,45.27,3,0.17
231,Donnamarie De Bruijn,dde6e@pagesperso-orange.fr,2/17/2025,80.62,4,0.38
232,Nevsa Ditzel,nditzel6f@prlog.org,12-08-2024,118.55,6,0.46
233,Lindsey Liversley,lliversley6g@yahoo.co.jp,09-05-2024,85.63,4,0.4
234,Rodi Cassius,rcassius6h@apache.org,5/21/2024,18.94,4,0.18
235,Booth Orton,borton6i@vimeo.com,10-08-2024,17.52,6,0.62
236,Michell Valerio,mvalerio6j@seattletimes.com,10-08-2024,54.4,1,0.79
237,Shirl Abreheart,sabreheart6k@edublogs.org,12/21/2024,80.34,5,0.1
238,Doti Jouannot,djouannot6l@hp.com,1/21/2025,84.53,2,0.38
239,Archibold Calles,acalles6m@de.vu,5/26/2024,46.21,6,0.48
240,Thebault Shayes,tshayes6n@vk.com,10-09-2024,109.87,1,0.05
241,Stoddard Routledge,sroutledge6o@mapy.cz,01-08-2025,66.19,3,0.19
242,Obediah Dodgson,ododgson6p@wp.com,6/22/2024,111.15,5,0.53
243,Virginia Aloshikin,valoshikin6q@nyu.edu,7/19/2024,82.45,4,0.32
244,Jackelyn Heino,jheino6r@cafepress.com,10/20/2024,88.46,2,0.74
245,Otho Castard,ocastard6s@last.fm,10/24/2024,42.18,1,0.55
246,Ignazio Potell,ipotell6t@sina.com.cn,7/27/2024,4.71,2,0.82
247,Nichols Nazareth,nnazareth6u@taobao.com,2/27/2025,66.06,2,0.45
248,Lothaire Brockton,lbrockton6v@discuz.net,3/15/2025,59.23,2,0.16
249,Rena Treverton,rtreverton6w@google.com.au,09-02-2024,36.37,5,0.7
250,Cristy Sicely,csicely6x@pen.io,3/17/2025,15.51,3,0.4
251,Othella Manville,omanville6y@ucsd.edu,5/16/2024,72.51,5,0.65
252,Frederique Hanaby,fhanaby6z@scribd.com,1/30/2025,53.17,4,0.17
253,Alex Twidell,atwidell70@harvard.edu,7/21/2024,76,3,0.58
254,Carmon Ibbitt,cibbitt71@latimes.com,01-08-2025,37.15,5,0.71
255,Kai Braney,kbraney72@elpais.com,12/18/2024,78.57,5,0.3
256,Vin Drust,vdrust73@themeforest.net,8/16/2024,46.35,6,0.72
257,Shaine Flitcroft,sflitcroft74@blogspot.com,10/16/2024,116.58,1,0.29
258,Mindy Maypowder,mmaypowder75@lycos.com,10/26/2024,58.24,2,0.26
259,Daron Tunno,dtunno76@yandex.ru,10-11-2024,118.38,2,0.15
260,Nicolina Privost,nprivost77@live.com,06-04-2024,109.08,3,0.09
261,Louie Abels,labels78@shop-pro.jp,3/31/2024,53.86,2,0.34
262,Auberta McGlade,amcglade79@nasa.gov,12/17/2024,29.92,5,0.49
263,Charmine Garrould,cgarrould7a@census.gov,11/15/2024,27.85,4,0.87
264,Kele Patershall,kpatershall7b@ameblo.jp,10/23/2024,29.87,5,0.71
265,Maxie Maggs,mmaggs7c@tiny.cc,11/17/2024,109.4,2,0.46
266,Marsha Pyper,mpyper7d@tmall.com,02-04-2025,13.02,1,0.66
267,Kaitlyn Clorley,kclorley7e@google.it,07-05-2024,110.68,5,0.19
268,Hobey Jenkyn,hjenkyn7f@trellian.com,10/22/2024,90.54,1,0.69
269,Bartolemo Batchellor,bbatchellor7g@paginegialle.it,1/22/2025,103.28,4,0.57
270,Danyelle Boydle,dboydle7h@cnn.com,03-05-2025,100.21,4,0.44
271,Nial Zettoi,nzettoi7i@printfriendly.com,03-05-2025,9.79,1,0.08
272,Grissel Pym,gpym7j@soundcloud.com,10-05-2024,108.69,3,0.94
273,Giselbert Merck,gmerck7k@house.gov,5/16/2024,82.04,4,0.8
274,Roberto Catterill,rcatterill7l@theglobeandmail.com,2/28/2025,19.89,5,0.17
275,Valeda Borg-Bartolo,vborgbartolo7m@bandcamp.com,9/30/2024,6.93,6,0.57
276,Aldric Brimblecomb,abrimblecomb7n@flavors.me,3/13/2025,28.89,1,0.16
277,Lauryn Prantl,lprantl7o@people.com.cn,12-10-2024,11.67,1,0.65
278,Ruddie Maleney,rmaleney7p@wsj.com,6/23/2024,58.81,4,0.88
279,Hazel Howse,hhowse7q@utexas.edu,5/24/2024,113.38,5,0.89
280,Liana MacKee,lmackee7r@indiegogo.com,12/22/2024,96.49,5,0.13
281,Jeremias Van den Broek,jvan7s@51.la,3/22/2025,77.85,2,0.48
282,Talyah Kenington,tkenington7t@netlog.com,7/24/2024,18.07,1,0.47
283,Rafaello Rosgen,rrosgen7u@chicagotribune.com,07-04-2024,86.21,1,0.76
284,Bibbye Trevaskis,btrevaskis7v@marriott.com,04-07-2024,88.53,5,0.64
285,Allianora Krop,akrop7w@hibu.com,05-01-2024,69.14,2,0.6
286,Tessy Kytter,tkytter7x@ibm.com,08-05-2024,21.52,1,0.73
287,Leanora Banke,lbanke7y@printfriendly.com,5/18/2024,99.43,1,0.49
288,Kara Figurski,kfigurski7z@baidu.com,4/23/2024,111.55,3,0.9
289,Dexter Dahlman,ddahlman80@nationalgeographic.com,1/30/2025,90.26,6,0.11
290,Patsy Corbridge,pcorbridge81@seattletimes.com,4/30/2024,15.51,1,0.05
291,Arte Margram,amargram82@google.nl,01-03-2025,41.5,5,0.79
292,Gery Cadding,gcadding83@oracle.com,6/18/2024,74.66,6,0.94
293,Jonathon Masey,jmasey84@weather.com,4/17/2024,24.61,1,0.94
294,Bran Ferreli,bferreli85@reuters.com,12/28/2024,34.81,3,0.63
295,Cam Letson,cletson86@ucoz.com,12-05-2024,28.6,6,0.66
296,Rhianon Tooker,rtooker87@goodreads.com,01-05-2025,5.28,3,0.74
297,Zackariah Baggalley,zbaggalley88@youku.com,09-04-2024,118.06,5,0.87
298,Timothy Osgarby,tosgarby89@sohu.com,6/24/2024,17.03,1,0.21
299,Stacy Runnicles,srunnicles8a@ebay.com,9/13/2024,11.82,5,0.58
300,Jermain Boakes,jboakes8b@techcrunch.com,4/20/2024,56.61,6,0.9
301,Rollin Orringe,rorringe8c@twitpic.com,11/28/2024,109.05,4,0.36
302,Neel Abriani,nabriani8d@live.com,5/21/2024,111.92,2,0.84
303,Trenna Thebeau,tthebeau8e@sohu.com,9/15/2024,29.42,5,0.44
304,Imogen Braferton,ibraferton8f@chicagotribune.com,12/31/2024,17.38,5,0.81
305,Felecia Sherebrook,fsherebrook8g@ovh.net,02-09-2025,23.21,6,0.28
306,Venita Gerhartz,vgerhartz8h@apple.com,08-06-2024,52.47,2,0.3
307,Carol-jean Brain,cbrain8i@1688.com,4/16/2024,49.59,2,0.54
308,Anatola Fakeley,afakeley8j@paginegialle.it,1/21/2025,51.02,6,0.59
309,Aylmer Fewlass,afewlass8k@auda.org.au,06-07-2024,39.12,4,0.16
310,Tull Mowling,tmowling8l@washington.edu,04-09-2024,35.8,4,0.02
311,Parsifal Harbach,pharbach8m@nhs.uk,08-11-2024,33.74,1,0.67
312,Wendi Brook,wbrook8n@rediff.com,12-10-2024,110.99,6,0.75
313,Bibi Lucken,blucken8o@indiatimes.com,06-07-2024,72.62,3,0.42
314,Archaimbaud Bound,abound8p@uiuc.edu,2/26/2025,112.68,5,0.95
315,Emlynn Slatten,eslatten8q@histats.com,02-08-2025,68.26,4,0.25
316,Amil Leads,aleads8r@issuu.com,3/27/2024,45.7,6,0.44
317,Donall Warne,dwarne8s@list-manage.com,2/15/2025,114.47,5,0.69
318,Liuka Brogden,lbrogden8t@pcworld.com,5/21/2024,4.64,4,0.24
319,Curcio Lethcoe,clethcoe8u@umich.edu,5/24/2024,114.13,1,0.66
320,Dorry Pevreal,dpevreal8v@mozilla.com,7/23/2024,114.7,3,0.63
321,Dane Salmen,dsalmen8w@infoseek.co.jp,2/27/2025,8.63,1,0.45
322,Zabrina Middas,zmiddas8x@aboutads.info,7/26/2024,94.16,3,0.65
323,Arny Chittie,achittie8y@hhs.gov,07-04-2024,30.55,6,0.19
324,Verena Sprigg,vsprigg8z@fotki.com,02-08-2025,19.43,3,0.52
325,Xavier Stitwell,xstitwell90@toplist.cz,1/25/2025,98.22,4,0.45
326,Adoree Kimblen,akimblen91@desdev.cn,7/17/2024,71.96,4,0.52
327,Bran Moehle,bmoehle92@ask.com,10/18/2024,90.3,3,0.56
328,Merci Garrick,mgarrick93@blogspot.com,2/25/2025,6.42,6,0.48
329,Miles Ovid,movid94@epa.gov,11/26/2024,115.15,3,0.04
330,Ronnie Erat,rerat95@cbsnews.com,11-08-2024,85.59,1,0.2
331,Ana Aucutt,aaucutt96@dailymotion.com,03-05-2025,82.17,2,0.03
332,Adolpho Couldwell,acouldwell97@google.co.uk,12/23/2024,111.07,6,0.54
333,Drugi Rudolf,drudolf98@feedburner.com,09-06-2024,47.43,6,0.92
334,Brien Speddin,bspeddin99@ning.com,9/25/2024,115.82,2,0.24
335,Ranique Rastrick,rrastrick9a@reuters.com,5/24/2024,1.24,1,0.14
336,Robbie Silcocks,rsilcocks9b@sitemeter.com,12/28/2024,81.12,1,0.49
337,Gigi Flury,gflury9c@taobao.com,11-09-2024,106.13,5,0.48
338,Herminia Brocklebank,hbrocklebank9d@discovery.com,6/21/2024,54.97,2,0.13
339,Shaughn Ryal,sryal9e@ca.gov,4/26/2024,85.64,6,0.56
340,Bette-ann Peto,bpeto9f@businessweek.com,01-09-2025,24.37,3,0.41
341,Rosa Werendell,rwerendell9g@sbwire.com,2/13/2025,63,4,0.99
342,Shandie Niave,sniave9h@disqus.com,10/31/2024,30.1,3,0.67
343,Tracy O'Skehan,toskehan9i@paginegialle.it,7/18/2024,66.99,4,0.84
344,Peggy Hallaways,phallaways9j@unicef.org,05-07-2024,4.67,1,0.13
345,Marge Barthrup,mbarthrup9k@comsenz.com,2/14/2025,86.24,3,0.45
346,Ivonne Duchan,iduchan9l@uol.com.br,4/28/2024,82.46,5,0.58
347,Maribelle Pre,mpre9m@washingtonpost.com,08-03-2024,106.13,4,0.86
348,Dwain Benedict,dbenedict9n@ibm.com,09-04-2024,77.26,2,0.44
349,Wyn Fullerton,wfullerton9o@unesco.org,10-03-2024,8.86,5,0.4
350,Alvy Chalfain,achalfain9p@google.de,01-06-2025,54.95,6,0.77
351,Umberto Baselio,ubaselio9q@va.gov,12-12-2024,68.37,3,0.98
352,Marybelle Bortoloni,mbortoloni9r@imdb.com,10/26/2024,12.62,2,0.46
353,Filide Edis,fedis9s@comcast.net,7/18/2024,105.24,2,0.09
354,Tremaine Ondra,tondra9t@home.pl,12-04-2024,5.71,2,0.11
355,Theodor Shorie,tshorie9u@biblegateway.com,09-01-2024,64.84,6,0.77
356,Fern O'Hanley,fohanley9v@youtube.com,02-06-2025,52.13,3,0.06
357,Ardelle Geare,ageare9w@google.ru,10/15/2024,111.61,5,0.69
358,Sari Coulman,scoulman9x@walmart.com,03-04-2025,40.38,2,0.12
359,Fae Patemore,fpatemore9y@w3.org,05-11-2024,13.59,6,0.37
360,Alberik Catto,acatto9z@4shared.com,7/19/2024,71.98,3,0.57
361,Myrtie Lesor,mlesora0@newsvine.com,6/30/2024,36.7,6,0.27
362,Agathe Harwick,aharwicka1@mediafire.com,11/24/2024,117.03,4,0.4
363,Nyssa D'Ambrogi,ndambrogia2@illinois.edu,09-03-2024,42.47,1,0.18
364,Vina Machen,vmachena3@wikispaces.com,12/22/2024,28.69,6,0.67
365,Lucian Mingasson,lmingassona4@csmonitor.com,2/19/2025,114.62,1,0.38
366,Zonda Maggiori,zmaggioria5@sphinn.com,8/17/2024,30.41,4,1
367,Hettie Stampe,hstampea6@prweb.com,03-05-2025,21.38,2,0.84
368,Esra Cosens,ecosensa7@cornell.edu,5/19/2024,35.26,5,0.99
369,Naomi Wattins,nwattinsa8@hud.gov,11/16/2024,21.49,1,0.51
370,Joshuah Snowling,jsnowlinga9@bandcamp.com,02-08-2025,84.38,6,0.51
371,Beck Nicklin,bnicklinaa@elegantthemes.com,10/21/2024,86.19,6,0.68
372,Gabey Ixer,gixerab@unblog.fr,11-02-2024,80.13,2,0.91
373,Josephina Pattisson,jpattissonac@sfgate.com,7/15/2024,70.14,3,0.59
374,Berkie Rollitt,brollittad@webnode.com,6/18/2024,80.64,3,0.07
375,Freida Hardern,fhardernae@samsung.com,1/13/2025,29.77,4,0.18
376,Read Nickels,rnickelsaf@infoseek.co.jp,10/24/2024,90.12,2,0.57
377,Clint Berryman,cberrymanag@hugedomains.com,10/16/2024,59.9,2,0.68
378,Dolores Gonnelly,dgonnellyah@symantec.com,9/15/2024,55.28,3,0.34
379,Kaitlin Redrup,kredrupai@gmpg.org,11-03-2024,13.85,1,0.52
380,August Bretelle,abretelleaj@tinyurl.com,12/15/2024,86.04,6,0.6
381,Rhodie Probert,rprobertak@goo.ne.jp,08-04-2024,91.7,1,0.54
382,Jeremy Chat,jchatal@mail.ru,08-11-2024,49.62,3,0.1
383,Delila Ingledew,dingledewam@paypal.com,6/22/2024,79.98,3,0.99
384,Nonie Piola,npiolaan@arstechnica.com,9/22/2024,114.37,6,0.83
385,Drucie Manifould,dmanifouldao@hugedomains.com,12/16/2024,57.87,2,0.49
386,Virge Alessandrelli,valessandrelliap@sogou.com,7/15/2024,92.41,4,0.59
387,Lira Foss,lfossaq@vkontakte.ru,9/22/2024,85.01,4,0.11
388,Xymenes Scardifeild,xscardifeildar@multiply.com,12-08-2024,25,3,0.22
389,Israel Dechelle,idechelleas@hatena.ne.jp,12/20/2024,50.34,3,0.14
390,Brittaney Salmon,bsalmonat@quantcast.com,8/13/2024,103.9,3,0.55
391,Junette Outridge,joutridgeau@weebly.com,3/28/2024,37.85,2,0.9
392,Harwilll Fullerlove,hfullerloveav@senate.gov,1/21/2025,32.49,1,0.2
393,Garwin Normanvill,gnormanvillaw@dagondesign.com,06-06-2024,105.79,3,0.46
394,Pebrook Boreland,pborelandax@dedecms.com,5/15/2024,48.36,5,0.19
395,Lorie Shenfisch,lshenfischay@mac.com,12-01-2024,94.99,1,0.66
396,Avrom Penney,apenneyaz@yellowbook.com,9/28/2024,115.76,1,0.46
397,Nestor Gibbings,ngibbingsb0@jalbum.net,01-03-2025,35.13,5,0.07
398,Ramona Boddy,rboddyb1@harvard.edu,4/27/2024,111.04,1,0.9
399,Myles Mudge,mmudgeb2@telegraph.co.uk,12/22/2024,46.41,5,0.07
400,Florette Moye,fmoyeb3@discuz.net,06-04-2024,92.75,6,0.88
401,Tybi Adolthine,tadolthineb4@smugmug.com,11-03-2024,83.32,4,0.68
402,Gilburt Ribchester,gribchesterb5@webnode.com,2/19/2025,48.7,5,0.33
403,Vaughan Mumbey,vmumbeyb6@columbia.edu,10/24/2024,26.23,6,0.83
404,Northrop Warre,nwarreb7@senate.gov,11/30/2024,24.4,5,0.63
405,Valdemar Moat,vmoatb8@cocolog-nifty.com,4/30/2024,40.4,1,0.43
406,Sheela Walby,swalbyb9@issuu.com,9/25/2024,22.95,6,0.65
407,Debbie Hutchcraft,dhutchcraftba@harvard.edu,1/26/2025,27.16,2,0.51
408,Cortney Shobbrook,cshobbrookbb@addthis.com,4/13/2024,119.53,2,0.04
409,Lark Slewcock,lslewcockbc@about.me,07-06-2024,62.04,3,0.48
410,Lincoln Markson,lmarksonbd@e-recht24.de,03-04-2025,55.38,3,0.9
411,Cecil Kinforth,ckinforthbe@craigslist.org,09-09-2024,7.15,5,0.85
412,Karl McKmurrie,kmckmurriebf@squarespace.com,9/19/2024,61.2,6,0.34
413,Hymie Nodes,hnodesbg@prnewswire.com,01-12-2025,2.18,3,0.73
414,Vergil Purvess,vpurvessbh@flavors.me,09-08-2024,8.46,1,0.7
415,Aeriel Babinski,ababinskibi@slashdot.org,10-04-2024,74.13,1,0.22
416,Tobiah Lackemann,tlackemannbj@chicagotribune.com,3/25/2024,57.07,3,0.86
417,Kris Prandy,kprandybk@blogger.com,4/30/2024,87.11,3,0.58
418,Lucia Greydon,lgreydonbl@wunderground.com,10/17/2024,66.97,5,0.51
419,Livvyy Boyde,lboydebm@netvibes.com,5/25/2024,47.16,5,0.35
420,Cornela Cowdry,ccowdrybn@tripadvisor.com,07-12-2024,60.91,1,0.54
421,Sammy Doughill,sdoughillbo@liveinternet.ru,04-09-2024,47.32,3,0.1
422,Joby Petersen,jpetersenbp@soundcloud.com,12/31/2024,67.68,1,0.08
423,Bran Lorne,blornebq@myspace.com,05-09-2024,13.96,1,0.04
424,Christal Da Costa,cdabr@mit.edu,10/18/2024,94.3,3,0.91
425,Lauritz Trounce,ltrouncebs@nih.gov,6/28/2024,54.69,5,0.63
426,Ron Rosenauer,rrosenauerbt@uol.com.br,05-08-2024,44.8,2,0.97
427,Dacie Arndt,darndtbu@house.gov,06-04-2024,80.8,5,0.88
428,Adair Dunbleton,adunbletonbv@technorati.com,07-09-2024,22.44,1,0.85
429,Dionis Brass,dbrassbw@a8.net,3/23/2024,57.48,6,0.75
430,Bartolemo Kornyshev,bkornyshevbx@yale.edu,12-01-2024,93.77,2,0.19
431,Chico Auguste,caugusteby@independent.co.uk,04-04-2024,38.65,3,0.05
432,Johann Keepin,jkeepinbz@uol.com.br,12/30/2024,97.77,3,0.49
433,Tannie Eddoes,teddoesc0@google.com.au,11/13/2024,79.39,4,0.07
434,Frasquito Caudwell,fcaudwellc1@independent.co.uk,01-07-2025,60.98,2,0.13
435,Jacky Simoncini,jsimoncinic2@nydailynews.com,8/28/2024,112.7,5,0.62
436,Solly While,swhilec3@cargocollective.com,6/20/2024,11.07,6,0.64
437,Thain Yearron,tyearronc4@storify.com,5/17/2024,15.82,3,0.67
438,Sydelle Mattheissen,smattheissenc5@jugem.jp,01-09-2025,8.84,3,0.48
439,Eduino Coolbear,ecoolbearc6@wsj.com,4/16/2024,6.36,6,0.49
440,Willard Dewdney,wdewdneyc7@webeden.co.uk,12/13/2024,86.72,1,0.97
441,Minnie Sexti,msextic8@ovh.net,8/23/2024,32.1,4,0.58
442,Calv Stellino,cstellinoc9@fda.gov,05-12-2024,35.3,5,0.64
443,Blane Blatchford,bblatchfordca@booking.com,09-12-2024,115.34,6,0.11
444,Serene Habershon,shabershoncb@facebook.com,5/24/2024,56.5,3,0.45
445,Bartram Escofier,bescofiercc@columbia.edu,8/13/2024,64.55,5,0.68
446,Trina Godby,tgodbycd@flavors.me,8/29/2024,107.45,3,0.4
447,Luella Cockaday,lcockadayce@godaddy.com,2/18/2025,118.57,5,0.79
448,Carola Gorke,cgorkecf@cargocollective.com,8/24/2024,8.79,3,0.07
449,Alia Govini,agovinicg@ucoz.ru,11/19/2024,4.84,6,0.55
450,Claribel Tixier,ctixierch@microsoft.com,01-05-2025,97.77,1,0.42
451,Dyanne Sanday,dsandayci@nyu.edu,02-08-2025,18.69,5,0.26
452,Conrad Salthouse,csalthousecj@yellowpages.com,02-01-2025,15.87,3,0.28
453,Stacey Bubear,sbubearck@webmd.com,09-09-2024,88.59,3,0.76
454,Linell Logsdail,llogsdailcl@slashdot.org,02-11-2025,86.98,2,0.35
455,Vally Gilhouley,vgilhouleycm@netscape.com,3/21/2025,68.18,1,0.16
456,Levin Wrates,lwratescn@4shared.com,7/23/2024,4.15,2,0.72
457,Dyna McCaughey,dmccaugheyco@usgs.gov,2/23/2025,79.98,2,0.94
458,Robert Merrgen,rmerrgencp@businessweek.com,12/22/2024,24.5,1,0.22
459,Aindrea Concannon,aconcannoncq@google.co.uk,01-07-2025,3.58,6,0.56
460,Linnea Starten,lstartencr@nyu.edu,9/27/2024,21.38,5,0.62
461,Suki Henrique,shenriquecs@google.co.jp,03-11-2025,54.61,1,0.01
462,Sergei Kerrigan,skerriganct@loc.gov,03-01-2025,56.39,1,0.37
463,Margery Pauncefort,mpauncefortcu@yandex.ru,7/22/2024,19.84,1,0.85
464,Ericka Sussams,esussamscv@comcast.net,12-03-2024,42.53,6,0.86
465,Sapphire Androsik,sandrosikcw@behance.net,2/13/2025,102.67,2,0.2
466,Lotty Rider,lridercx@columbia.edu,11/17/2024,42.03,3,0.31
467,Melva Bruckner,mbrucknercy@hubpages.com,2/26/2025,42.71,4,0.99
468,Nikki Knightsbridge,nknightsbridgecz@odnoklassniki.ru,12/19/2024,73.85,5,0.28
469,Rriocard Dodwell,rdodwelld0@thetimes.co.uk,8/19/2024,34.61,1,0.14
470,Verena Carvill,vcarvilld1@bigcartel.com,09-11-2024,96.81,5,0.68
471,Ivette Fernant,ifernantd2@elegantthemes.com,10-12-2024,70.9,3,0.82
472,Brand Habberjam,bhabberjamd3@thetimes.co.uk,2/18/2025,114.34,4,0.03
473,Dulcy Bowers,dbowersd4@yahoo.co.jp,7/30/2024,69.38,6,0.82
474,Derek Tillard,dtillardd5@cyberchimps.com,12-05-2024,15.14,3,0.95
475,Carolan Easum,ceasumd6@zimbio.com,01-07-2025,81.3,1,0.81
476,Christine Barkway,cbarkwayd7@spotify.com,8/27/2024,49.46,1,0.95
477,Loralie Lyokhin,llyokhind8@upenn.edu,8/26/2024,119.12,6,0.87
478,Burg Coard,bcoardd9@com.com,5/27/2024,42.15,6,0.91
479,Katharyn Secretan,ksecretanda@fema.gov,8/30/2024,36.5,1,0.91
480,Craggy Pury,cpurydb@businesswire.com,8/14/2024,70.63,5,0.19
481,Kippy Sarjant,ksarjantdc@sogou.com,02-03-2025,4.68,5,0.47
482,Joshuah Steagall,jsteagalldd@ucoz.ru,01-09-2025,26.75,5,0.59
483,Kinnie Vautrey,kvautreyde@examiner.com,07-06-2024,68.07,2,0.44
484,Kalil Chicchetto,kchicchettodf@nsw.gov.au,12/27/2024,6.43,2,0.62
485,Kitti Hazard,khazarddg@linkedin.com,2/15/2025,54.84,3,0.86
486,Ana Learmouth,alearmouthdh@cafepress.com,7/15/2024,55.73,2,0.52
487,Rosabella O'Regan,roregandi@infoseek.co.jp,04-12-2024,69.5,6,0.39
488,Lavena Cremer,lcremerdj@1und1.de,7/31/2024,4.36,6,0.94
489,Katha Darville,kdarvilledk@apache.org,1/20/2025,87.1,3,0.8
490,Shurlocke Dohmann,sdohmanndl@baidu.com,4/29/2024,15.94,5,0.74
491,Lilian Yokel,lyokeldm@newsvine.com,08-03-2024,25.78,4,0.47
492,Gates Abys,gabysdn@friendfeed.com,08-05-2024,79.82,1,0.44
493,Bernie Oxbrough,boxbroughdo@npr.org,11-02-2024,54.2,1,0.43
494,Carlos Faltin,cfaltindp@163.com,5/13/2024,28.04,6,0.06
495,Guendolen Hanhart,ghanhartdq@nsw.gov.au,4/14/2024,62.45,2,0
496,Marion Ginn,mginndr@about.com,04-06-2024,17.84,5,0.17
497,Madonna Starling,mstarlingds@dagondesign.com,07-11-2024,83.04,6,0.74
498,Keefer Wooton,kwootondt@jugem.jp,03-01-2025,66.02,2,0.37
499,Ilse Vanyutin,ivanyutindu@sfgate.com,10/19/2024,52.39,5,0.78
500,Lucy Kairns,lkairnsdv@privacy.gov.au,9/21/2024,77.85,6,0.25
501,Vivian Vicent,vvicentdw@sphinn.com,7/21/2024,107.08,2,0.71
502,Howard Boscher,hboscherdx@4shared.com,06-06-2024,26.97,1,0.67
503,Marnie Grzegorecki,mgrzegoreckidy@ftc.gov,09-05-2024,62.51,1,0.6
504,Edythe Gilbanks,egilbanksdz@issuu.com,10-10-2024,47.29,6,0.77
505,Heall Rembaud,hrembaude0@cyberchimps.com,4/28/2024,58.02,1,0.12
506,Carina Southerill,csoutherille1@joomla.org,10/31/2024,118.54,5,0.97
507,Lexy Glynn,lglynne2@dot.gov,06-11-2024,65.4,6,0.86
508,Regen Casement,rcasemente3@amazon.co.uk,3/22/2025,84.06,1,0.87
509,Newton Cyseley,ncyseleye4@hatena.ne.jp,12/16/2024,17.91,5,0.38
510,Helaina Flores,hflorese5@cdbaby.com,7/28/2024,65.31,6,0.94
511,Allsun Kemp,akempe6@tiny.cc,11-03-2024,12.16,2,0.95
512,Alexandr Whiteford,awhiteforde7@vistaprint.com,04-04-2024,39.16,6,0.45
513,Clerissa Perrat,cperrate8@photobucket.com,2/21/2025,91.37,1,0.29
514,Ashly McAster,amcastere9@narod.ru,7/29/2024,3.15,3,0.72
515,Gualterio Powe,gpoweea@independent.co.uk,07-11-2024,107.87,2,0.22
516,Dominick Wilcot,dwilcoteb@sfgate.com,04-08-2024,57.73,5,0.2
517,Corbie Edgcumbe,cedgcumbeec@barnesandnoble.com,6/19/2024,62.96,5,0.31
518,Judon Henken,jhenkened@storify.com,12/20/2024,88.6,1,0.31
519,Carma Basilotta,cbasilottaee@clickbank.net,10/25/2024,55.66,2,0.79
520,Olva Mucklow,omucklowef@sina.com.cn,3/22/2025,21.32,5,0.19
521,Cherin Older,coldereg@lulu.com,07-01-2024,24.27,5,0.18
522,Carita Vinick,cvinickeh@ftc.gov,4/20/2024,61.31,3,0.36
523,Morry Abramino,mabraminoei@ox.ac.uk,12/20/2024,75.34,2,0.6
524,Vittoria Wigan,vwiganej@scribd.com,4/30/2024,13.86,4,0.39
525,Nalani Gerrets,ngerretsek@home.pl,12-06-2024,96.97,4,0.71
526,Win Shoutt,wshouttel@ucla.edu,6/22/2024,91.98,4,0.62
527,Esta Kubiak,ekubiakem@php.net,10-02-2024,66.53,5,0.31
528,Olwen Knatt,oknatten@blog.com,07-07-2024,81.4,6,0.48
529,Nevin Teggart,nteggarteo@about.com,12/17/2024,30.9,1,0.56
530,Curran Dempsey,cdempseyep@yellowbook.com,04-07-2024,65.15,4,0.7
531,Lorin Siene,lsieneeq@cbc.ca,12/24/2024,113.74,1,0.79
532,Mortie Binden,mbindener@columbia.edu,09-06-2024,2.07,5,0.53
533,Camella Nussey,cnusseyes@icq.com,2/18/2025,94.46,4,0.8
534,Christabella Primmer,cprimmeret@cnn.com,5/14/2024,105.61,4,0.44
535,Amalea Clutten,aclutteneu@delicious.com,06-05-2024,85.72,1,0.99
536,Pauli Moorman,pmoormanev@soundcloud.com,02-08-2025,27.52,4,0.25
537,Beilul Sheringham,bsheringhamew@wired.com,03-08-2025,68.49,3,0.84
538,Stefanie Blessed,sblessedex@foxnews.com,9/22/2024,35.16,3,0.38
539,Josiah Gadman,jgadmaney@weather.com,4/13/2024,58.86,6,0.03
540,Roma Balfe,rbalfeez@guardian.co.uk,5/14/2024,111.92,4,0.8
541,Davine Bloxsom,dbloxsomf0@yolasite.com,08-09-2024,93.32,2,0.25
542,Nancee Caig,ncaigf1@csmonitor.com,3/18/2025,96.62,2,0.51
543,Maximilien Huckstepp,mhucksteppf2@people.com.cn,11-07-2024,102.76,3,0.64
544,Stewart Arnao,sarnaof3@instagram.com,08-11-2024,4.22,1,0.97
545,Rowen Blanking,rblankingf4@mit.edu,1/23/2025,24.94,2,0.57
546,Poppy Danielsohn,pdanielsohnf5@soundcloud.com,4/16/2024,118.71,5,0.5
547,Urbano Oherlihy,uoherlihyf6@economist.com,3/25/2024,75.02,2,0.61
548,Stefa Onele,sonelef7@umn.edu,5/31/2024,68.69,3,0.28
549,Esdras Quidenham,equidenhamf8@ucla.edu,6/13/2024,90.76,5,0.58
550,Kiley McKinley,kmckinleyf9@shop-pro.jp,3/30/2024,115.63,3,0.24
551,Irvin McDonough,imcdonoughfa@mac.com,5/26/2024,104.45,6,0.61
552,Janeva Dyster,jdysterfb@netscape.com,6/20/2024,73.56,1,0.68
553,Carlee Cabell,ccabellfc@wikipedia.org,01-03-2025,29.15,1,0.36
554,Francois Reside,fresidefd@newsvine.com,3/21/2025,21.99,2,0.4
555,Mort Mottini,mmottinife@skyrock.com,12-10-2024,36.87,1,0.5
556,Julissa Karpets,jkarpetsff@china.com.cn,11/30/2024,1.62,3,0
557,Gilles Kittredge,gkittredgefg@nps.gov,11/13/2024,12.76,6,0.69
558,Seymour Huggin,shugginfh@unicef.org,3/25/2024,7.55,1,0.82
559,Eugen Kelsall,ekelsallfi@ted.com,10/28/2024,115.28,1,0.64
560,Redd Kitman,rkitmanfj@skyrock.com,9/23/2024,114.93,6,0.16
561,Sophey Yashaev,syashaevfk@yahoo.co.jp,5/19/2024,31.74,1,0.59
562,Harmon Pontain,hpontainfl@cdc.gov,11/22/2024,89.68,4,0.42
563,Liza McDonagh,lmcdonaghfm@wordpress.org,8/15/2024,48.47,3,0.72
564,Melanie Roj,mrojfn@yahoo.co.jp,09-07-2024,118.18,2,0.84
565,Rowland Killiam,rkilliamfo@sitemeter.com,5/16/2024,107.36,5,0.02
566,Kata Normanville,knormanvillefp@bbb.org,1/16/2025,71.9,5,0.26
567,Stevy Desborough,sdesboroughfq@house.gov,9/23/2024,48.38,3,0.44
568,Lalo Vella,lvellafr@omniture.com,1/17/2025,115.98,2,0.72
569,Georgi Oleksiak,goleksiakfs@ehow.com,2/27/2025,84.17,4,0.76
570,Darcie Croneen,dcroneenft@samsung.com,11/23/2024,65.52,4,0.77
571,Bendix Langston,blangstonfu@deliciousdays.com,11-12-2024,46.78,1,0.16
572,Timmie Bentz,tbentzfv@trellian.com,03-08-2025,33.32,3,0.49
573,Barbee Dinesen,bdinesenfw@lycos.com,12-03-2024,100.34,2,0.24
574,Margeaux Peedell,mpeedellfx@vistaprint.com,11/16/2024,100.9,5,0.38
575,Gearard Boreham,gborehamfy@shop-pro.jp,04-05-2024,10.74,3,0.2
576,Yance Frodsam,yfrodsamfz@virginia.edu,01-04-2025,24.85,4,0.38
577,Brig Bergeon,bbergeong0@biblegateway.com,12-10-2024,44.95,1,0.45
578,Daphne Mityashev,dmityashevg1@pen.io,10/26/2024,63.21,4,0.22
579,Austin Stredwick,astredwickg2@geocities.jp,5/31/2024,116.73,1,0.53
580,Artair Parman,aparmang3@icq.com,6/14/2024,91.92,3,0.48
581,Eirena Threadgall,ethreadgallg4@ning.com,7/20/2024,6.08,3,0.04
582,Peyter Ilson,pilsong5@illinois.edu,11/23/2024,5.38,5,0.48
583,Elroy Saynor,esaynorg6@fc2.com,09-10-2024,81.32,6,0.26
584,Rodolphe Wrenn,rwrenng7@apache.org,02-01-2025,43.17,5,0.41
585,Sasha Penni,spennig8@theglobeandmail.com,12/31/2024,37.79,2,0.86
586,Sinclair Streater,sstreaterg9@yolasite.com,8/28/2024,105.31,6,0.31
587,Dennis Ellerey,dellereyga@goodreads.com,07-06-2024,61.43,2,0.23
588,Margeaux Speaks,mspeaksgb@ihg.com,08-09-2024,23.88,5,0.73
589,Jodie Rodson,jrodsongc@squarespace.com,06-01-2024,30.2,1,0.94
590,Olympie Evenett,oevenettgd@4shared.com,12/25/2024,28.37,1,0.28
591,Aurlie Gerardot,agerardotge@free.fr,3/19/2025,51.33,2,0.3
592,Nikolas Mulbry,nmulbrygf@studiopress.com,3/15/2025,99.22,4,0.86
593,Titus Drewett,tdrewettgg@alexa.com,5/18/2024,7.47,2,0.17
594,Anastassia Irdale,airdalegh@wunderground.com,4/24/2024,93.67,2,0.68
595,Cherilyn Boog,cbooggi@japanpost.jp,07-11-2024,75.62,2,0
596,Nefen Sibyllina,nsibyllinagj@dedecms.com,1/18/2025,96.17,3,0.89
597,Marillin Tomkin,mtomkingk@archive.org,7/31/2024,43.86,5,0.99
598,Calida Crowcroft,ccrowcroftgl@behance.net,03-04-2025,102.14,4,0.3
599,Duane Walbrook,dwalbrookgm@angelfire.com,10-05-2024,3.48,3,0.29
600,Gertrudis Bitcheno,gbitchenogn@wikia.com,06-05-2024,108.96,5,0.98
601,Marve Alenshev,malenshevgo@bing.com,11-08-2024,85,6,0.82
602,Erina Luker,elukergp@ftc.gov,6/18/2024,53.02,3,0.69
603,Ado Clarson,aclarsongq@newyorker.com,1/14/2025,103.37,6,0.41
604,Nickey Hammerman,nhammermangr@histats.com,10-10-2024,93.49,5,0.07
605,Marja Beams,mbeamsgs@ibm.com,7/20/2024,38.28,3,0.25
606,Roch Hand,rhandgt@mozilla.org,7/22/2024,33.26,3,0.9
607,Uta Huskisson,uhuskissongu@vkontakte.ru,7/22/2024,42.57,6,0.35
608,Ermina Klemz,eklemzgv@moonfruit.com,9/22/2024,3.45,5,0.13
609,Leonhard Hauxwell,lhauxwellgw@bbb.org,9/14/2024,96.4,2,0.36
610,Lauren Dupre,ldupregx@zimbio.com,1/22/2025,13.55,1,0.76
611,Glenden Peers,gpeersgy@apache.org,12/13/2024,37.79,1,0.4
612,Pren Allanson,pallansongz@reuters.com,8/15/2024,56.55,4,0.17
613,Catherine Udie,cudieh0@aboutads.info,5/24/2024,5.51,3,0.3
614,Cchaddie Dahler,cdahlerh1@ihg.com,10/15/2024,24.27,4,0.06
615,Gustave Hawthorn,ghawthornh2@mediafire.com,08-10-2024,115.42,4,0.37
616,Marthena Manz,mmanzh3@shareasale.com,10-02-2024,15.25,4,0.91
617,Fidelio Beaushaw,fbeaushawh4@photobucket.com,05-01-2024,52.39,6,0.15
618,Max Perutto,mperuttoh5@smh.com.au,11-06-2024,45.81,6,0.24
619,Sonnnie Humphrys,shumphrysh6@disqus.com,09-01-2024,91.93,6,0.38
620,Nelson Ambrois,nambroish7@themeforest.net,07-03-2024,29.02,2,0.9
621,Cyndia Bowditch,cbowditchh8@census.gov,12-09-2024,19.62,2,0.88
622,Lancelot Noblett,lnobletth9@army.mil,04-12-2024,35.38,1,0.42
623,Darwin Scare,dscareha@java.com,8/26/2024,55.7,2,0.16
624,Romona Tethcote,rtethcotehb@storify.com,09-01-2024,82.42,4,0.03
625,Sayer Deplacido,sdeplacidohc@sphinn.com,9/29/2024,80.07,2,0.18
626,Lissie Auchterlony,lauchterlonyhd@eepurl.com,3/26/2024,89.97,3,0.58
627,Ailene Gotcher,agotcherhe@umn.edu,06-02-2024,50.91,6,0.45
628,Craig Skym,cskymhf@jalbum.net,2/27/2025,61.05,3,0.97
629,Catarina Wyson,cwysonhg@mozilla.org,5/17/2024,32.11,5,0.66
630,Kenn Gorstidge,kgorstidgehh@163.com,10/30/2024,39.39,3,0.84
631,Jolie Simka,jsimkahi@odnoklassniki.ru,11/25/2024,26.57,3,0.67
632,Bettye Agglio,baggliohj@flickr.com,09-03-2024,53.3,5,0.29
633,Stillmann Blesli,sbleslihk@friendfeed.com,11-01-2024,43.65,1,0.73
634,Maxine Cottesford,mcottesfordhl@dell.com,11-11-2024,66.4,6,0.27
635,Umeko Godthaab,ugodthaabhm@ning.com,7/13/2024,81.78,4,0.11
636,Dougy De Haven,ddehn@slideshare.net,1/14/2025,21.7,2,0.12
637,Leupold Wyant,lwyantho@is.gd,8/28/2024,27.33,4,0.54
638,Rafaellle Bloxholm,rbloxholmhp@gravatar.com,12/13/2024,71.16,2,0
639,Percival Ballham,pballhamhq@tinypic.com,8/16/2024,66.51,2,0.24
640,Danya Terzza,dterzzahr@techcrunch.com,02-11-2025,117.18,5,0.89
641,Joelie Bugge,jbuggehs@ask.com,8/13/2024,3.05,2,0.68
642,Sterne Glidden,sgliddenht@bigcartel.com,12/30/2024,57.3,2,0.46
643,Sib Paget,spagethu@is.gd,02-11-2025,79.49,3,0.89
644,Lilllie Mitchelmore,lmitchelmorehv@fotki.com,9/22/2024,30.38,6,0.86
645,Donna Dibdall,ddibdallhw@disqus.com,9/15/2024,24.89,6,0.89
646,Adler Tradewell,atradewellhx@storify.com,03-04-2025,59.47,1,0.86
647,Godfree Canadine,gcanadinehy@1und1.de,6/19/2024,86.7,5,0.33
648,Lyell Vincent,lvincenthz@illinois.edu,06-05-2024,110.79,4,0.95
649,Barbra Campanelli,bcampanellii0@oakley.com,7/23/2024,70.89,6,0.95
650,Dov Oakeby,doakebyi1@deviantart.com,12/13/2024,40.82,2,0.71
651,Lynsey Stihl,lstihli2@sciencedaily.com,03-05-2025,26.51,4,0.89
652,Monty Vasyukhin,mvasyukhini3@pcworld.com,10/19/2024,35.87,2,0.31
653,Josee Kilgour,jkilgouri4@theguardian.com,09-04-2024,19.62,3,0.26
654,Jaye Jorgensen,jjorgenseni5@wisc.edu,06-03-2024,81.19,6,0.21
655,Rufe Goodlud,rgoodludi6@amazon.co.jp,8/24/2024,51.81,4,0.41
656,Angelle Pogosian,apogosiani7@nifty.com,11-06-2024,22.67,3,0.97
657,Margaret Kibble,mkibblei8@amazon.co.jp,10/14/2024,90.59,2,0.17
658,Hyacinthia Bernadon,hbernadoni9@wikispaces.com,11/17/2024,11.87,4,0.67
659,Nadeen Fosserd,nfosserdia@techcrunch.com,03-08-2025,61.98,2,0.64
660,Debi Redbourn,dredbournib@geocities.jp,03-11-2025,76.42,5,0.83
661,Coral Gertray,cgertrayic@taobao.com,11-07-2024,59.41,1,0.44
662,Corliss Berthelmot,cberthelmotid@hud.gov,3/24/2024,88.36,1,0.3
663,Lyndy Petrushanko,lpetrushankoie@utexas.edu,03-01-2025,115.62,6,0.9
664,Mathew Dieton,mdietonif@yellowpages.com,02-06-2025,109.39,2,0.22
665,Evelin Oxenford,eoxenfordig@cargocollective.com,2/17/2025,72.55,3,0.72
666,Fleurette Clayworth,fclayworthih@samsung.com,8/26/2024,50.85,4,0.9
667,Carmella McCosker,cmccoskerii@abc.net.au,07-07-2024,100.18,3,0.73
668,Ariela Aggio,aaggioij@nyu.edu,11-11-2024,92.71,1,0.89
669,Marisa Naylor,mnaylorik@elegantthemes.com,2/14/2025,89.15,4,0.35
670,Everett Nevitt,enevittil@apache.org,9/26/2024,18.4,4,0.62
671,Hubey Wincott,hwincottim@nifty.com,11/25/2024,36.3,6,0.18
672,Reilly Leatham,rleathamin@archive.org,3/23/2024,112.88,5,0.31
673,Aldric Terram,aterramio@ycombinator.com,2/19/2025,5.94,6,0.27
674,Roberto Dalloway,rdallowayip@digg.com,7/20/2024,110.04,3,0.49
675,Peyton Penticost,ppenticostiq@barnesandnoble.com,12/18/2024,4.31,3,0.29
676,Tera Creamer,tcreamerir@zdnet.com,5/22/2024,38.58,3,0.56
677,Andreas Fanthome,afanthomeis@bbc.co.uk,01-03-2025,28.56,2,0.35
678,Georgi Pepon,gpeponit@earthlink.net,4/30/2024,103.74,3,0.52
679,Von Fewless,vfewlessiu@sciencedaily.com,8/20/2024,21.79,6,0.15
680,Emiline Thieme,ethiemeiv@ask.com,4/20/2024,21.76,5,0.11
681,Corby Burchell,cburchelliw@icio.us,9/27/2024,7.9,3,0.95
682,Shane Kobisch,skobischix@si.edu,04-10-2024,24.03,1,0.48
683,Nadiya Sexcey,nsexceyiy@jigsy.com,07-05-2024,117,3,0.95
684,Kimberlyn Minty,kmintyiz@weebly.com,12/13/2024,46.11,4,0.62
685,Michal Roseby,mrosebyj0@behance.net,05-04-2024,87.63,1,0.98
686,Ashley Bilbrooke,abilbrookej1@samsung.com,03-01-2025,97.9,1,0.6
687,Selestina Eustice,seusticej2@jalbum.net,6/30/2024,71.66,5,0.12
688,Westbrook Kyttor,wkyttorj3@springer.com,3/21/2025,50.4,2,0.74
689,Lily Gianulli,lgianullij4@europa.eu,01-09-2025,61.66,1,0.03
690,Davy Iczokvitz,diczokvitzj5@webeden.co.uk,10/26/2024,58.27,6,0.58
691,Florry Chatell,fchatellj6@gmpg.org,10/28/2024,114.51,5,0.8
692,Yoshi Smead,ysmeadj7@baidu.com,5/23/2024,99.25,1,0.8
693,Kaylyn Antoszewski,kantoszewskij8@ycombinator.com,4/30/2024,19.4,1,0.19
694,Mireielle Hurlin,mhurlinj9@tumblr.com,11-05-2024,98.86,3,0.54
695,Kari Learoyde,klearoydeja@google.co.jp,1/15/2025,22.01,4,0.76
696,Justin Iddison,jiddisonjb@blogs.com,06-12-2024,79.75,1,0.37
697,Tammie Nand,tnandjc@yelp.com,6/27/2024,82.82,6,0.09
698,Ariadne Gawler,agawlerjd@huffingtonpost.com,10-06-2024,15.7,6,0.55
699,Terrell Hinkins,thinkinsje@delicious.com,4/26/2024,39.12,1,0.56
700,Kyle Lambrecht,klambrechtjf@myspace.com,6/16/2024,105.34,5,0.1
701,Giacomo Yourell,gyourelljg@joomla.org,10/30/2024,55.61,1,0.01
702,Cindee Wynes,cwynesjh@xrea.com,3/21/2025,102.5,3,0.15
703,Leone Vockings,lvockingsji@lulu.com,2/14/2025,59.2,4,0.84
704,Herminia Gotts,hgottsjj@comsenz.com,6/30/2024,62.51,3,0.54
705,Gibbie Week,gweekjk@theguardian.com,07-12-2024,36.14,2,0.68
706,Elana Mableson,emablesonjl@aol.com,4/18/2024,103.61,6,0.88
707,Gregg Segar,gsegarjm@techcrunch.com,3/13/2025,10.41,5,0.28
708,Loy Maletratt,lmaletrattjn@exblog.jp,11/20/2024,59.86,3,0.63
709,Friedrich Kenyon,fkenyonjo@wp.com,6/18/2024,60.32,2,0.48
710,Robinett Purveys,rpurveysjp@mediafire.com,7/25/2024,7.11,3,0.25
711,Gwenneth Izard,gizardjq@aol.com,12/16/2024,105.11,3,0.16
712,Haily Minty,hmintyjr@altervista.org,9/17/2024,15.73,2,0.46
713,Bruce Goade,bgoadejs@dailymail.co.uk,1/15/2025,104.98,4,0.01
714,Abran Lambert-Ciorwyn,alambertciorwynjt@fc2.com,5/22/2024,14.72,3,0.24
715,Amie Feeley,afeeleyju@dedecms.com,8/26/2024,58.47,5,0.37
716,Odilia Geroldi,ogeroldijv@twitpic.com,04-06-2024,20.72,4,0.17
717,Brannon Kersley,bkersleyjw@hao123.com,6/17/2024,8.68,5,0.51
718,Jody Quilter,jquilterjx@skyrock.com,11-05-2024,114.3,5,0.72
719,Way Rivaland,wrivalandjy@ezinearticles.com,03-05-2025,20.97,1,0.89
720,Cassy Redley,credleyjz@statcounter.com,6/20/2024,52.45,2,0.87
721,Eldin MacNeillie,emacneilliek0@gov.uk,2/21/2025,117.18,2,0.06
722,Matteo McOnie,mmconiek1@tinypic.com,8/28/2024,97.56,2,0.3
723,Niki Moxson,nmoxsonk2@cafepress.com,01-05-2025,109.49,3,0.13
724,Marcia Gerran,mgerrank3@gnu.org,4/19/2024,69.42,4,0.92
725,Persis Casaroli,pcasarolik4@4shared.com,08-02-2024,71.46,6,0.48
726,Inger Gors,igorsk5@foxnews.com,8/19/2024,58.48,6,0.72
727,Germaine Pinnick,gpinnickk6@hibu.com,11/23/2024,22.27,5,0.06
728,Charyl Elford,celfordk7@istockphoto.com,5/26/2024,86.7,3,0.12
729,Elvira Whelpdale,ewhelpdalek8@mac.com,8/21/2024,78.78,1,0.44
730,Carson Andrasch,candraschk9@prweb.com,9/28/2024,48.41,1,0.64
731,Dani Normanville,dnormanvilleka@ft.com,11-07-2024,94.64,2,0.96
732,Loren Chedgey,lchedgeykb@soundcloud.com,12/24/2024,6.7,1,0.36
733,Tracy Kensley,tkensleykc@google.cn,2/16/2025,20.39,2,0.24
734,Jsandye Guest,jguestkd@infoseek.co.jp,4/28/2024,22.1,1,0.99
735,Lindy Bonnyson,lbonnysonke@linkedin.com,09-06-2024,3.37,1,0.01
736,Aida Perfitt,aperfittkf@github.io,1/24/2025,63.69,4,0.18
737,Arabelle Hariot,ahariotkg@icq.com,11/18/2024,87.59,6,0.22
738,Ronica Aingell,raingellkh@rakuten.co.jp,7/26/2024,25.22,5,0.9
739,Nanice Akess,nakesski@163.com,3/20/2025,83.26,3,0.48
740,Abram Hanbury-Brown,ahanburybrownkj@aboutads.info,11/18/2024,45.84,2,0.02
741,Faber Le Monnier,flekk@spiegel.de,02-12-2025,51.76,1,0.94
742,Shirleen Dollard,sdollardkl@dmoz.org,9/18/2024,98.05,2,0.37
743,Dulcine Murdy,dmurdykm@mtv.com,10/13/2024,23.35,2,0.55
744,Inge Mollison,imollisonkn@t.co,2/23/2025,47.68,3,0.88
745,Elianore Millhill,emillhillko@jugem.jp,2/15/2025,3.38,6,0.3
746,Giles Foskew,gfoskewkp@squarespace.com,4/22/2024,5.74,5,0.31
747,Koenraad Ramsey,kramseykq@theguardian.com,7/28/2024,23.73,1,0.09
748,Essy Ghiron,eghironkr@paypal.com,6/22/2024,28.8,1,0.69
749,Gwynne Budcock,gbudcockks@godaddy.com,9/26/2024,82.07,2,0.87
750,Cherilyn Balazs,cbalazskt@geocities.jp,7/15/2024,49.88,3,0.04
751,Maddie O'Carroll,mocarrollku@ucoz.ru,08-12-2024,28.44,5,0.76
752,Corrine Filippov,cfilippovkv@slideshare.net,8/19/2024,93.17,2,0.42
753,Nicolette Chaston,nchastonkw@kickstarter.com,9/29/2024,48.83,2,0.32
754,Raff Hargie,rhargiekx@smugmug.com,12/27/2024,48.94,3,0.57
755,Chester Nudde,cnuddeky@wufoo.com,11/19/2024,41.94,1,0.27
756,Nanci Kinneir,nkinneirkz@pagesperso-orange.fr,07-05-2024,23.68,1,0.21
757,Estrellita Emmens,eemmensl0@japanpost.jp,07-02-2024,8.72,5,0.33
758,Germaine Rea,greal1@google.cn,05-03-2024,70.28,2,0.33
759,Risa Baddiley,rbaddileyl2@woothemes.com,10-05-2024,91.43,5,0.92
760,Derrik Torregiani,dtorregianil3@fema.gov,2/28/2025,58.73,5,0.06
761,Chandal Bedding,cbeddingl4@histats.com,6/25/2024,56,5,0.47
762,Gianni Tolley,gtolleyl5@mashable.com,10/14/2024,90.11,3,0.43
763,Sybille Pervoe,spervoel6@senate.gov,02-11-2025,86.55,1,0.88
764,Colleen Barff,cbarffl7@census.gov,10-11-2024,72.99,2,0.4
765,Theresa Gauvain,tgauvainl8@npr.org,06-12-2024,90.8,1,0.18
766,Katalin McOnie,kmconiel9@github.com,11/18/2024,20.31,1,0.36
767,Jada Sherrum,jsherrumla@ask.com,6/25/2024,42.75,4,0.11
768,Finlay Bilovus,fbilovuslb@technorati.com,1/21/2025,59.6,4,0.4
769,Gonzales Jenkison,gjenkisonlc@ihg.com,09-01-2024,91.18,6,0
770,Alys Janic,ajanicld@loc.gov,6/19/2024,118.6,6,0.76
771,Palmer Pickton,ppicktonle@netvibes.com,4/21/2024,111.79,2,0.64
772,Hattie Benne,hbennelf@squarespace.com,11/29/2024,36.74,1,0.45
773,Desiri Fellgatt,dfellgattlg@bandcamp.com,3/17/2025,81.78,2,0.85
774,Frank Armes,farmeslh@patch.com,11-06-2024,55.31,2,0.38
775,Sunny Ogdahl,sogdahlli@tripod.com,02-12-2025,116.39,2,0.95
776,Hildagarde Twinterman,htwintermanlj@patch.com,10-09-2024,87,2,0.11
777,Ladonna Mossman,lmossmanlk@hatena.ne.jp,8/30/2024,73.02,2,0.79
778,Marilin Renol,mrenolll@gravatar.com,4/15/2024,64.74,2,0.6
779,Derry Tiernan,dtiernanlm@odnoklassniki.ru,08-10-2024,58.35,2,0.61
780,Bendite Saunter,bsaunterln@xing.com,03-05-2025,25.26,4,0.3
781,Fabien Sirmon,fsirmonlo@jiathis.com,11/19/2024,23.13,4,0.75
782,Erik Barkus,ebarkuslp@blogtalkradio.com,07-08-2024,105.69,1,0.17
783,Tory Dashwood,tdashwoodlq@technorati.com,2/13/2025,54.91,1,0.15
784,Boycie Franzini,bfranzinilr@yale.edu,11-09-2024,13.78,3,0.17
785,Bendix Sime,bsimels@uol.com.br,12/24/2024,78.09,5,0.13
786,Erroll Grebbin,egrebbinlt@mac.com,3/19/2025,49.41,1,0.19
787,Tommie Mackley,tmackleylu@nytimes.com,01-02-2025,97.65,5,0.73
788,Miriam Northfield,mnorthfieldlv@hatena.ne.jp,12/24/2024,81.62,3,0.67
789,Giustino Kahler,gkahlerlw@t-online.de,1/29/2025,34.09,3,0.14
790,Borden Denziloe,bdenziloelx@reuters.com,1/29/2025,19.2,5,0.35
791,Drucill O'Duggan,dodugganly@wikipedia.org,1/15/2025,25.5,2,0.71
792,Jacquie Condon,jcondonlz@cbslocal.com,12-10-2024,80.21,3,0.68
793,Melany Millgate,mmillgatem0@whitehouse.gov,4/24/2024,64.3,1,0.47
794,Margaret Prier,mprierm1@bloglovin.com,5/14/2024,100.23,6,0.35
795,Huey Boosey,hbooseym2@yellowbook.com,11/20/2024,110.54,6,0.79
796,Ruthie Pendrill,rpendrillm3@weather.com,8/24/2024,67.38,1,0.86
797,Giffard MacCague,gmaccaguem4@webnode.com,9/29/2024,31.13,5,0.3
798,Enriqueta Northey,enortheym5@rediff.com,04-06-2024,39.87,4,0.98
799,Thatch Glen,tglenm6@dedecms.com,05-07-2024,115.23,2,0.5
800,Rowena Prevett,rprevettm7@dyndns.org,2/16/2025,42.94,6,0.83
801,Ryann Ninnoli,rninnolim8@springer.com,1/17/2025,102.86,6,0.51
802,Clare Hartegan,charteganm9@angelfire.com,8/26/2024,91.35,4,0.87
803,Nikolas Farden,nfardenma@youku.com,1/14/2025,60.08,5,0.31
804,Penelope Farfull,pfarfullmb@t.co,6/18/2024,111.56,4,0.11
805,Abby Roggero,aroggeromc@businesswire.com,2/15/2025,48.53,2,0.28
806,Tiffanie Eddolls,teddollsmd@mit.edu,9/26/2024,112.62,1,0.15
807,Mildrid Birchett,mbirchettme@samsung.com,07-01-2024,105.21,1,0.47
808,Garvin Trevillion,gtrevillionmf@lycos.com,05-05-2024,14.53,4,0.51
809,Charmaine Fontaine,cfontainemg@360.cn,7/27/2024,51.28,3,0.33
810,Godfry Ruddom,gruddommh@indiegogo.com,1/14/2025,83.74,1,0.56
811,Chrissy Guerrieri,cguerrierimi@multiply.com,8/16/2024,82.25,5,0.34
812,Beau Jatczak,bjatczakmj@ocn.ne.jp,05-07-2024,67.41,5,0.84
813,Kora Benam,kbenammk@columbia.edu,04-12-2024,38.94,3,0.14
814,Julita Irvine,jirvineml@sitemeter.com,07-11-2024,42.2,5,0.1
815,Maribel Lynde,mlyndemm@issuu.com,06-11-2024,77.94,6,0.63
816,Susanetta Vermer,svermermn@bing.com,04-03-2024,84.1,3,0.81
817,Alyda Mews,amewsmo@google.es,07-04-2024,16.32,4,0.74
818,Coreen Bampford,cbampfordmp@msu.edu,6/26/2024,105.52,2,0.8
819,Aile Waghorn,awaghornmq@rambler.ru,3/28/2024,86.3,3,0.15
820,Otes Ackermann,oackermannmr@walmart.com,12-08-2024,55.58,4,0.16
821,Charissa Pavlenkov,cpavlenkovms@samsung.com,6/26/2024,49.17,6,0.84
822,Torey Skrine,tskrinemt@slate.com,10-07-2024,38.45,6,0.35
823,Cordula Darbey,cdarbeymu@taobao.com,12-06-2024,8.08,1,0.03
824,Jasmine Finkle,jfinklemv@mtv.com,12/29/2024,47.41,5,0.26
825,Lemuel Gilhool,lgilhoolmw@ustream.tv,12/31/2024,70.76,5,0.36
826,Jacqueline Burgyn,jburgynmx@sfgate.com,12/19/2024,6.04,1,0.49
827,Carrissa Marusik,cmarusikmy@independent.co.uk,10/23/2024,61.68,4,0.89
828,Aubrette Semiras,asemirasmz@gravatar.com,12/26/2024,63.98,6,0.96
829,Saxe Cannings,scanningsn0@ehow.com,11/30/2024,114.94,5,0.62
830,Brandon Sloy,bsloyn1@prnewswire.com,7/21/2024,87.76,4,0.16
831,Laurens Shore,lshoren2@smh.com.au,6/16/2024,77.96,3,0.95
832,Candie Broster,cbrostern3@taobao.com,2/16/2025,107.31,6,0.09
833,Bevvy Le Lievre,blen4@google.com,10-03-2024,90.92,4,0.31
834,Nanon Gierhard,ngierhardn5@pinterest.com,07-01-2024,12.54,4,0.39
835,Maggee Sygroves,msygrovesn6@tamu.edu,09-11-2024,67.56,2,0.38
836,Evan Skunes,eskunesn7@homestead.com,12-11-2024,107.49,3,0.11
837,Sonja Geleman,sgelemann8@creativecommons.org,11-05-2024,82.76,4,0.39
838,Rafaello Colbran,rcolbrann9@seattletimes.com,12/30/2024,94.35,1,0.77
839,Lief Antushev,lantushevna@utexas.edu,03-08-2025,103.1,1,0.52
840,Rubi Sodory,rsodorynb@hugedomains.com,3/19/2025,11.79,1,0.37
841,Billie Oats,boatsnc@amazon.co.jp,01-01-2025,61.84,1,0.67
842,Myrilla Sturridge,msturridgend@ebay.co.uk,02-03-2025,117.09,5,0.62
843,Kendrick McJury,kmcjuryne@sciencedaily.com,10/27/2024,69.29,1,0.73
844,Mattie Greenhead,mgreenheadnf@indiatimes.com,11/29/2024,44.9,6,0.37
845,Saxon Masser,smasserng@aol.com,10-12-2024,102.75,1,0.88
846,Zaccaria Redolfi,zredolfinh@msu.edu,02-10-2025,39.81,6,0.6
847,Jeralee Winnard,jwinnardni@plala.or.jp,4/15/2024,95.22,6,0.31
848,Emmie Wolland,ewollandnj@vkontakte.ru,12/20/2024,3.15,6,0.32
849,Sampson Beausang,sbeausangnk@trellian.com,12/28/2024,115.43,4,0.85
850,Jody Ensten,jenstennl@prlog.org,8/27/2024,113.25,3,0.8
851,Garey Gloyens,ggloyensnm@amazonaws.com,5/21/2024,30.87,1,0.96
852,Tybie McCaig,tmccaignn@foxnews.com,07-08-2024,14.84,5,0.84
853,Red Dossett,rdossettno@ca.gov,8/23/2024,99.77,5,0.72
854,Lorri La Padula,llanp@nature.com,02-04-2025,86.1,4,0.44
855,Ellis Bouskill,ebouskillnq@slate.com,06-06-2024,18.89,3,0.54
856,Cthrine Santon,csantonnr@earthlink.net,3/22/2025,60.71,2,0.75
857,Cammie Crumb,ccrumbns@eventbrite.com,8/29/2024,17.49,6,0.4
858,Murvyn Langlands,mlanglandsnt@sfgate.com,4/25/2024,69.36,4,0.82
859,Marci Stoile,mstoilenu@wunderground.com,8/30/2024,72.28,2,0.05
860,Evelyn Bodley,ebodleynv@zdnet.com,7/30/2024,59.77,2,0.77
861,Fred Bownas,fbownasnw@blogspot.com,2/27/2025,56.68,2,0.73
862,Lorin Gunbie,lgunbienx@usgs.gov,9/20/2024,21.24,2,0.27
863,Easter Trebilcock,etrebilcockny@ft.com,9/26/2024,82.17,5,0.03
864,Thaddeus Symcox,tsymcoxnz@china.com.cn,04-09-2024,20.41,3,0.17
865,Cassandry Roper,cropero0@narod.ru,11-10-2024,89.81,5,0.97
866,Rockey Finden,rfindeno1@wordpress.com,5/25/2024,86.69,4,0.1
867,Samara Croker,scrokero2@pbs.org,1/31/2025,105.34,1,0.81
868,Bentlee Folkard,bfolkardo3@furl.net,09-05-2024,41.12,3,0.37
869,Cathlene Barthram,cbarthramo4@miibeian.gov.cn,07-08-2024,64.56,1,0.7
870,Roi Clash,rclasho5@state.tx.us,3/31/2024,47.4,6,0.8
871,Nicholas Dayborne,ndayborneo6@merriam-webster.com,7/17/2024,109.73,5,0.31
872,Manda Roache,mroacheo7@wikipedia.org,12/16/2024,101.83,1,0.07
873,Winthrop Delany,wdelanyo8@wp.com,12/27/2024,89.94,4,0.84
874,Stacia Cranmer,scranmero9@cornell.edu,1/21/2025,44.73,5,0.16
875,Wenona Garrood,wgarroodoa@booking.com,11/27/2024,42.89,3,0.79
876,Prentice Jorgesen,pjorgesenob@photobucket.com,9/24/2024,63.37,5,0.96
877,Mel Scamadine,mscamadineoc@indiegogo.com,10-08-2024,15.61,6,0.29
878,Cyndy Tanzig,ctanzigod@globo.com,05-02-2024,81.35,1,0.5
879,Glynda Warne,gwarneoe@deviantart.com,7/17/2024,50.16,6,0.14
880,Denys Dearle,ddearleof@issuu.com,3/26/2024,22.13,3,0.45
881,Tillie Gouldstraw,tgouldstrawog@icio.us,11/30/2024,7.99,2,0.71
882,Hatty Andreopolos,handreopolosoh@mayoclinic.com,04-09-2024,31.85,5,0.38
883,Sayre Nattrass,snattrassoi@marriott.com,09-08-2024,62.92,5,0.74
884,Jenifer Wyne,jwyneoj@upenn.edu,03-11-2025,44.55,3,0.06
885,Nariko Tschiersch,ntschierschok@upenn.edu,5/24/2024,51.68,5,0.52
886,Carny Esterbrook,cesterbrookol@shareasale.com,07-05-2024,2.65,4,0.57
887,Caressa Dunnan,cdunnanom@flickr.com,6/16/2024,22.89,1,0.15
888,Kayle Linnard,klinnardon@github.io,12/25/2024,81.7,6,0.25
889,Albertina Pleasance,apleasanceoo@flavors.me,09-09-2024,68.56,2,0.59
890,Inness Arnaudon,iarnaudonop@buzzfeed.com,4/24/2024,48.38,4,0.75
891,Natal Worgen,nworgenoq@storify.com,12/19/2024,76.4,3,0.21
892,Bay Dyett,bdyettor@usgs.gov,7/30/2024,73.04,5,0.98
893,Laurice Esler,lesleros@seattletimes.com,08-03-2024,115.73,6,0.87
894,Alva Steane,asteaneot@vkontakte.ru,12/19/2024,62.34,6,0.4
895,Ramsay Rainford,rrainfordou@chron.com,04-01-2024,60.85,4,0.65
896,Edie Gilliatt,egilliattov@wisc.edu,11-05-2024,8.98,4,0.67
897,Brier Kobierski,bkobierskiow@ebay.co.uk,10/13/2024,69.48,6,0.39
898,Kevina Castles,kcastlesox@histats.com,4/23/2024,76.24,3,0.19
899,Nananne Ashburner,nashburneroy@istockphoto.com,08-02-2024,21,2,0.84
900,Eward Prestney,eprestneyoz@weebly.com,07-09-2024,113.69,2,0.22
901,Aprilette Enrigo,aenrigop0@ucoz.ru,02-12-2025,60.31,2,0.8
902,Pierette Jauncey,pjaunceyp1@trellian.com,2/23/2025,41.05,2,0.45
903,Siana Prendiville,sprendivillep2@dedecms.com,1/26/2025,117.43,5,0.88
904,Alyce Oxer,aoxerp3@nationalgeographic.com,02-11-2025,108.59,6,0.54
905,Lucita Robken,lrobkenp4@sitemeter.com,2/15/2025,87.6,5,0.21
906,Carlynne Habergham,chaberghamp5@naver.com,03-05-2025,115.34,5,1
907,Sile Van Halle,svanp6@topsy.com,3/27/2024,109.63,2,0.52
908,Crin Yoodall,cyoodallp7@unc.edu,8/17/2024,103.54,2,0.78
909,Nap Bangs,nbangsp8@fc2.com,1/13/2025,8.62,1,0.83
910,Addison Farrier,afarrierp9@noaa.gov,08-06-2024,106.23,1,0.34
911,Maurie Pomfrey,mpomfreypa@networkadvertising.org,5/20/2024,91.17,3,0.42
912,Waly Khalid,wkhalidpb@rediff.com,01-01-2025,73.76,1,0.61
913,Hendrik Michurin,hmichurinpc@forbes.com,10-01-2024,108.04,1,0.67
914,Dall Chable,dchablepd@geocities.jp,10/29/2024,95.83,4,0.75
915,Willi Parker,wparkerpe@vk.com,5/31/2024,48.77,2,0.24
916,Jobie Varnals,jvarnalspf@purevolume.com,01-06-2025,75.56,3,0.53
917,Ynez Castane,ycastanepg@tmall.com,11-09-2024,65.98,5,0.08
918,Hercules Lufkin,hlufkinph@dropbox.com,01-03-2025,113.58,5,0.53
919,Amandie Mansour,amansourpi@toplist.cz,12-08-2024,89.8,6,0.62
920,Jilli Autrie,jautriepj@xing.com,1/20/2025,77.06,4,0.34
921,Wilburt Emeney,wemeneypk@google.com.hk,12/25/2024,55.21,2,0.7
922,Suzy Strangeway,sstrangewaypl@nature.com,1/19/2025,103.72,6,0.41
923,Dyann Troake,dtroakepm@walmart.com,1/22/2025,51.92,1,0.54
924,Kelcy Grevile,kgrevilepn@newsvine.com,4/20/2024,14.83,6,0.59
925,Taryn Manley,tmanleypo@cpanel.net,02-08-2025,73.08,3,0.59
926,Billy MacNess,bmacnesspp@dot.gov,03-10-2025,1.4,3,0.9
927,Shellie Brunn,sbrunnpq@cyberchimps.com,08-02-2024,109.3,1,0.16
928,Elicia Casetta,ecasettapr@123-reg.co.uk,09-05-2024,103.34,6,0.36
929,Deirdre Traill,dtraillps@wunderground.com,02-08-2025,39.76,3,0.18
930,Cullan Upshall,cupshallpt@blinklist.com,6/24/2024,19.93,2,0.12
931,Ferne Gregol,fgregolpu@webeden.co.uk,10-11-2024,40.25,4,0.74
932,Darci Isard,disardpv@virginia.edu,5/22/2024,71.3,3,0.81
933,Merl Lorkin,mlorkinpw@hatena.ne.jp,4/14/2024,28.09,6,0.94
934,Ambrosio Melledy,amelledypx@cnn.com,5/19/2024,68.89,5,0.37
935,Guss Dorrins,gdorrinspy@chronoengine.com,10/27/2024,17.09,2,0.88
936,Flor Halliburton,fhalliburtonpz@goo.gl,08-11-2024,20.54,4,0.36
937,Berkley Storres,bstorresq0@taobao.com,01-08-2025,2.66,4,0.63
938,Ephraim Cassam,ecassamq1@themeforest.net,11-03-2024,89.98,1,0.59
939,Annetta Peachman,apeachmanq2@nature.com,10/24/2024,119.02,4,0.55
940,Rebecca Acuna,racunaq3@google.de,10-08-2024,113.78,4,0.72
941,Kiley Fricke,kfrickeq4@reference.com,8/23/2024,97.22,4,0.95
942,Ryan Hedderly,rhedderlyq5@reference.com,8/27/2024,78.4,6,0.2
943,Nicolai Kahan,nkahanq6@gizmodo.com,6/29/2024,73.18,3,0.5
944,Ambur Powys,apowysq7@house.gov,9/30/2024,106.69,3,0.4
945,Weylin Ham,whamq8@macromedia.com,4/23/2024,101.04,1,0.18
946,Magnum Dyton,mdytonq9@comcast.net,8/31/2024,68.87,4,0.23
947,Waylan Knotton,wknottonqa@quantcast.com,4/18/2024,67.5,4,0.75
948,Nobie Wolfenden,nwolfendenqb@google.com.au,08-01-2024,55.44,2,0.44
949,Malina Amsberger,mamsbergerqc@trellian.com,2/14/2025,74.91,4,0.3
950,Lanae Rhucroft,lrhucroftqd@sciencedirect.com,5/18/2024,23.07,5,0.66
951,Derick Beaushaw,dbeaushawqe@wired.com,08-03-2024,88.36,2,0.73
952,Cortie De Freitas,cdeqf@exblog.jp,7/18/2024,40.54,6,0.72
953,Andrei Langstone,alangstoneqg@linkedin.com,6/26/2024,102.23,1,0.07
954,Hirsch Laslett,hlaslettqh@ycombinator.com,3/15/2025,117.42,1,0.67
955,Edwina Sorsbie,esorsbieqi@uiuc.edu,12/14/2024,65.26,2,0.55
956,Helenka Willcocks,hwillcocksqj@rediff.com,5/14/2024,67.16,5,0.69
957,Persis Beglin,pbeglinqk@si.edu,03-09-2025,87.94,1,0.16
958,Dianemarie Tabary,dtabaryql@usgs.gov,7/15/2024,80.13,3,0.91
959,Antoinette Maddinon,amaddinonqm@ovh.net,10/24/2024,76.85,5,0.49
960,Dulcie Huyghe,dhuygheqn@alexa.com,04-03-2024,1.32,2,0.16
961,Joannes Crickmoor,jcrickmoorqo@yolasite.com,08-11-2024,101.95,4,0.61
962,Lesly Buzin,lbuzinqp@skype.com,8/25/2024,91.68,5,0.69
963,Kattie Checci,kchecciqq@theguardian.com,07-06-2024,4.25,5,0.58
964,Magdaia Gloucester,mgloucesterqr@nature.com,09-07-2024,86.33,3,0.21
965,Florence Mease,fmeaseqs@dropbox.com,07-02-2024,89.41,3,0.67
966,Dean Mollison,dmollisonqt@opensource.org,11/29/2024,21.62,6,0.65
967,Selina McFeat,smcfeatqu@chronoengine.com,11/27/2024,11.67,1,0.37
968,Gardie Shambrooke,gshambrookeqv@gravatar.com,1/27/2025,107.81,5,0.51
969,Mathias Datte,mdatteqw@woothemes.com,5/19/2024,80.36,6,0.64
970,Christophe Bedome,cbedomeqx@networkadvertising.org,1/25/2025,86.33,6,0
971,Berti Weinham,bweinhamqy@ifeng.com,12-05-2024,45.33,5,0.43
972,Eberhard Sircombe,esircombeqz@ox.ac.uk,2/24/2025,113.64,5,0.18
973,Yoshi Abramamov,yabramamovr0@dell.com,03-12-2025,42.64,1,0.87
974,Lela Fedder,lfedderr1@noaa.gov,1/19/2025,58.35,2,0.79
975,Chiquita Brosini,cbrosinir2@cpanel.net,7/30/2024,91.19,2,0.89
976,Thomas Cockshtt,tcockshttr3@google.pl,11/22/2024,101.6,2,0.54
977,Corinna Pleace,cpleacer4@yellowbook.com,5/22/2024,114.78,1,0.44
978,Winthrop Ethridge,wethridger5@noaa.gov,07-04-2024,44.55,5,0.58
979,Lyn Gonnin,lgonninr6@mail.ru,10-05-2024,32.27,1,0.04
980,Tabbitha Zecchini,tzecchinir7@cnet.com,10-05-2024,44.47,5,0.98
981,Jaime Soulsby,jsoulsbyr8@soundcloud.com,2/19/2025,57.28,2,0.86
982,Collette Reisen,creisenr9@4shared.com,09-09-2024,90.14,5,0.97
983,Peter Leppo,pleppora@freewebs.com,7/29/2024,51.86,4,0.26
984,Godiva Wetheril,gwetherilrb@google.de,4/28/2024,67.78,6,0.32
985,Marja Ascroft,mascroftrc@reference.com,12/21/2024,20.75,2,0.84
986,Lin Cornfoot,lcornfootrd@mysql.com,7/21/2024,55.54,6,0.83
987,Leonelle Iuorio,liuoriore@state.tx.us,11/22/2024,67.48,4,0.7
988,Lonnie Hunter,lhunterrf@uiuc.edu,9/13/2024,85.3,1,0.5
989,Ketti Francescozzi,kfrancescozzirg@google.com,07-11-2024,30.15,3,0.23
990,Thane Jerdein,tjerdeinrh@shop-pro.jp,6/17/2024,18.24,1,0.84
991,Erich Labusch,elabuschri@blinklist.com,05-01-2024,24.75,1,0.19
992,Stacee Bernaert,sbernaertrj@pcworld.com,11-09-2024,37.47,5,0.23
993,Donavon Birtley,dbirtleyrk@fotki.com,10/18/2024,64.56,1,0.72
994,Sonny Antham,santhamrl@storify.com,1/18/2025,56.07,1,0.38
995,Clementius Spinola,cspinolarm@blinklist.com,07-05-2024,22.41,4,0.84
996,Charlton Shelsher,cshelsherrn@google.pl,1/22/2025,8.76,2,0.19
997,Delinda Chapman,dchapmanro@sciencedirect.com,9/15/2024,119.23,6,0.28
998,Babb Gratrex,bgratrexrp@time.com,11/29/2024,23.95,3,0.73
999,Clayborn Gatherell,cgatherellrq@huffingtonpost.com,08-10-2024,15.49,5,0.26
1000,Jefferey Dowsett,jdowsettrr@t.co,8/31/2024,108.64,1,0.19
